{
    "cam0": {
        "SN": "000116614412",
        "camera_angle_x": 1.5931641530464529,
        "intrinsic": [
            [
                625.8423389654866,
                0,
                644.4809943246738
            ],
            [
                0,
                624.9033528957034,
                360.8399595884392
            ],
            [
                0,
                0,
                1
            ]
        ],
        "extrinsic": [
            [
                -0.015155456351603772,
                0.9998312614828475,
                0.010380785345644628,
                -49.71002359750483
            ],
            [
                -0.7537533998550343,
                -0.018245735243510197,
                0.6569040305496688,
                -210.14188510734675
            ],
            [
                0.6569825905986788,
                0.0021311281147430305,
                0.7539027350681299,
                806.8755657195685
            ],
            [
                0.0,
                0.0,
                0.0,
                1.0
            ]
        ]
    },
    "cam1": {
        "SN": "000307414412",
        "camera_angle_x": 1.6281103010890863,
        "intrinsic": [
            [
                604.3314452863103,
                0,
                642.8868579380769
            ],
            [
                0,
                608.220374965705,
                381.8816666766247
            ],
            [
                0,
                0,
                1
            ]
        ],
        "extrinsic": [
            [
                -0.8358575595224341,
                -0.5489161129424073,
                -0.005765513108021342,
                -77.37710169072967
            ],
            [
                0.46179193315497324,
                -0.7087909651009978,
                0.5332575159003282,
                -294.8623124066788
            ],
            [
                -0.296800186425469,
                0.4430648583936605,
                0.8459333192364586,
                789.9667690728047
            ],
            [
                0.0,
                0.0,
                0.0,
                1.0
            ]
        ]
    },
    "cam2": {
        "SN": "000281314412",
        "camera_angle_x": 1.5764834265667576,
        "intrinsic": [
            [
                636.3705668379964,
                0,
                641.4053469547952
            ],
            [
                0,
                638.2249221358977,
                358.4978602423156
            ],
            [
                0,
                0,
                1
            ]
        ],
        "extrinsic": [
            [
                0.8014467933843928,
                -0.5978064797791353,
                0.01761959443212871,
                -98.36967055793711
            ],
            [
                0.4555515737741817,
                0.6292916155729975,
                0.6296545292471045,
                -222.75312265503797
            ],
            [
                -0.3874994206521354,
                -0.4966079694322323,
                0.7766754300804516,
                825.4904766940639
            ],
            [
                0.0,
                0.0,
                0.0,
                1.0
            ]
        ]
    }
}