{
    "cam0.png": {
        "intrinsics": [
            [
                625.8423461914062,
                0.0,
                644.4810180664062
            ],
            [
                0.0,
                624.9033813476562,
                360.8399658203125
            ],
            [
                0.0,
                0.0,
                1.0
            ]
        ],
        "extrinsics_w2c": [
            [
                0.005854025483131409,
                0.013926953077316284,
                0.9998858571052551,
                -0.04200747609138489
            ],
            [
                0.7540636658668518,
                0.6566612720489502,
                -0.013561099767684937,
                -0.18132299184799194
            ],
            [
                -0.656775176525116,
                0.7540570497512817,
                -0.006657660007476807,
                0.8428143858909607
            ]
        ],
        "extrinsics_c2w": [
            [
                0.005854025483131409,
                0.7540636658668518,
                -0.656775176525116,
                0.6905145645141602
            ],
            [
                0.013926953077316284,
                0.6566612720489502,
                0.7540570497512817,
                -0.5158773064613342
            ],
            [
                0.9998858571052551,
                -0.013561099767684937,
                -0.006657660007476807,
                0.045154914259910583
            ],
            [
                0.0,
                0.0,
                0.0,
                1.0
            ]
        ]
    },
    "cam1.png": {
        "intrinsics": [
            [
                604.3314208984375,
                0.0,
                642.8868408203125
            ],
            [
                0.0,
                608.2203979492188,
                381.88165283203125
            ],
            [
                0.0,
                0.0,
                1.0
            ]
        ],
        "extrinsics_w2c": [
            [
                0.8438923954963684,
                -0.005466565489768982,
                -0.5364847183227539,
                -0.0860833078622818
            ],
            [
                -0.45192503929138184,
                0.5316784977912903,
                -0.7162972688674927,
                -0.27223512530326843
            ],
            [
                0.28915300965309143,
                0.846928596496582,
                0.4462089538574219,
                0.8382018208503723
            ]
        ],
        "extrinsics_c2w": [
            [
                0.8438923954963684,
                -0.45192503929138184,
                0.28915300965309143,
                -0.2927533984184265
            ],
            [
                -0.005466565489768982,
                0.5316784977912903,
                0.846928596496582,
                -0.5656261444091797
            ],
            [
                -0.5364847183227539,
                -0.7162972688674927,
                0.4462089538574219,
                -0.6151968240737915
            ],
            [
                0.0,
                0.0,
                0.0,
                1.0
            ]
        ]
    },
    "cam2.png": {
        "intrinsics": [
            [
                636.3705444335938,
                0.0,
                641.4053344726562
            ],
            [
                0.0,
                638.2249145507812,
                358.49786376953125
            ],
            [
                0.0,
                0.0,
                1.0
            ]
        ],
        "extrinsics_w2c": [
            [
                -0.7919884920120239,
                0.017392978072166443,
                -0.6102882027626038,
                -0.0965559259057045
            ],
            [
                -0.46451908349990845,
                0.6315121650695801,
                0.6208176016807556,
                -0.18375277519226074
            ],
            [
                0.3962022662162781,
                0.7751709222793579,
                -0.4920709431171417,
                0.8558474779129028
            ]
        ],
        "extrinsics_c2w": [
            [
                -0.7919884920120239,
                -0.46451908349990845,
                0.3962022662162781,
                -0.5009165406227112
            ],
            [
                0.017392978072166443,
                0.6315121650695801,
                0.7751709222793579,
                -0.545706570148468
            ],
            [
                -0.6102882027626038,
                0.6208176016807556,
                -0.4920709431171417,
                0.4762876629829407
            ],
            [
                0.0,
                0.0,
                0.0,
                1.0
            ]
        ]
    }
}